id,first_name,last_name,email,gender,ip_address
1,Lanny,Flaws,lflaws0@usatoday.com,Male,154.31.237.129
2,Darby,Presslie,dpresslie1@twitter.com,Male,172.118.103.50
3,Benedick,Methley,bmethley2@virginia.edu,Agender,148.225.63.196
4,Bernard,Moine,bmoine3@weibo.com,Male,75.140.196.29
5,Franky,Trodd,ftrodd4@posterous.com,Male,147.192.175.251
6,Will,Chalkly,wchalkly5@cbc.ca,Male,7.202.125.3
7,Ysabel,Marousek,ymarousek6@npr.org,Female,89.251.75.192
8,Niel,Oliffe,noliffe7@ebay.com,Male,40.5.134.43
9,Ginny,Neles,gneles8@vimeo.com,Female,185.49.173.211
10,Kendricks,Lorroway,klorroway9@multiply.com,Male,47.237.101.34
11,Beatriz,Heffer,bheffera@nba.com,Genderfluid,225.220.32.125
12,Fielding,Anstiss,fanstissb@altervista.org,Male,164.157.129.14
13,Miles,Ovett,movettc@imgur.com,Male,137.125.146.93
14,Bat,Worral,bworrald@youku.com,Male,223.176.59.187
15,Sheila-kathryn,Yakebovich,syakeboviche@symantec.com,Female,146.13.35.250
16,Etheline,Zavattero,ezavatterof@parallels.com,Genderfluid,240.145.121.182
17,Steve,Stanlack,sstanlackg@sciencedirect.com,Male,55.240.75.62
18,Brien,Coen,bcoenh@fc2.com,Male,8.48.19.32
19,Zora,Kaming,zkamingi@hibu.com,Female,1.158.165.213
20,Kilian,Rambaut,krambautj@dedecms.com,Male,171.12.188.90
21,Orville,Petrishchev,opetrishchevk@springer.com,Male,83.230.224.42
22,Carlie,Chataignier,cchataignierl@squidoo.com,Male,247.184.178.72
23,Augustin,O'Grada,aogradam@house.gov,Male,168.205.128.237
24,Emilia,Coldridge,ecoldridgen@linkedin.com,Female,55.97.128.163
25,Sukey,Ramsier,sramsiero@elpais.com,Female,130.4.196.169
26,Barn,McGarahan,bmcgarahanp@wix.com,Male,227.26.78.102
27,Earle,Atger,eatgerq@hibu.com,Male,152.212.39.133
28,Pryce,Beeswing,pbeeswingr@state.tx.us,Male,223.177.155.169
29,Jeanna,Tattersill,jtattersills@instagram.com,Female,134.52.166.52
30,Baily,Georgievski,bgeorgievskit@constantcontact.com,Male,57.193.69.32
31,Layney,Dri,ldriu@eventbrite.com,Female,137.183.139.176
32,Elsa,Robet,erobetv@merriam-webster.com,Female,85.183.148.108
33,Reynard,Gerge,rgergew@de.vu,Male,128.31.98.157
34,Ainslie,Bentje,abentjex@purevolume.com,Female,221.6.222.37
35,Yorgos,Compston,ycompstony@cafepress.com,Male,46.1.171.231
36,Rossie,Sutherland,rsutherlandz@mayoclinic.com,Male,166.56.125.118
37,Troy,Colwell,tcolwell10@twitter.com,Male,131.22.55.241
38,Cale,Jouanet,cjouanet11@topsy.com,Male,58.39.43.183
39,Nerissa,Gentner,ngentner12@drupal.org,Female,127.78.208.201
40,Humfrey,Gwin,hgwin13@howstuffworks.com,Male,182.213.0.202
41,Rachelle,Handman,rhandman14@nymag.com,Non-binary,181.138.136.229
42,Shaw,Margery,smargery15@gmpg.org,Male,60.36.226.88
43,Linn,Manna,lmanna16@vk.com,Female,94.75.228.120
44,Loy,Cowndley,lcowndley17@sciencedirect.com,Male,254.180.239.76
45,Jeremias,Husbands,jhusbands18@php.net,Male,234.61.131.75
46,Elly,Elstow,eelstow19@google.nl,Female,240.111.19.101
47,Laurence,Lackey,llackey1a@bloglovin.com,Agender,189.120.104.102
48,Eberto,Johnsey,ejohnsey1b@merriam-webster.com,Male,200.222.244.173
49,Tadeas,McEnery,tmcenery1c@xing.com,Male,251.207.217.163
50,Carmita,Sloey,csloey1d@psu.edu,Female,74.109.86.255
51,Eldon,Struan,estruan1e@chicagotribune.com,Male,168.210.126.229
52,Coralie,Pettett,cpettett1f@apple.com,Female,109.39.121.146
53,Osborn,Chidlow,ochidlow1g@bbc.co.uk,Male,106.199.88.107
54,Brian,Dimmock,bdimmock1h@ed.gov,Male,90.38.206.115
55,Thebault,Shanley,tshanley1i@census.gov,Agender,226.240.184.68
56,Noella,Gaylard,ngaylard1j@github.io,Female,212.184.167.135
57,Joelie,Hemeret,jhemeret1k@ox.ac.uk,Female,86.212.227.181
58,Rhianna,Du Fray,rdufray1l@w3.org,Female,189.228.121.214
59,Kennith,Muzzi,kmuzzi1m@chron.com,Male,234.50.214.163
60,Tadeas,Welham,twelham1n@npr.org,Male,254.127.2.145
61,Sasha,Sessuns,ssessuns1o@columbia.edu,Male,8.223.17.118
62,Bartie,McDermott,bmcdermott1p@cnet.com,Bigender,110.6.35.228
63,Isabel,Watkiss,iwatkiss1q@mapquest.com,Female,211.175.251.66
64,Uta,Grey,ugrey1r@archive.org,Female,7.90.152.194
65,Taddeo,Fackrell,tfackrell1s@cpanel.net,Male,65.230.70.20
66,Chadwick,Matzl,cmatzl1t@army.mil,Male,52.16.156.113
67,Saba,Laviss,slaviss1u@intel.com,Female,213.220.7.33
68,Kat,Van Schafflaer,kvanschafflaer1v@uol.com.br,Female,52.215.243.65
69,Ardelle,Prenty,aprenty1w@soundcloud.com,Female,189.98.139.66
70,Darlene,Gibbieson,dgibbieson1x@umich.edu,Female,104.69.106.155
71,Davine,Howsley,dhowsley1y@who.int,Female,253.175.14.42
72,Beryle,Cutridge,bcutridge1z@goo.gl,Female,204.122.215.128
73,Nariko,Woollhead,nwoollhead20@soundcloud.com,Female,28.45.129.240
74,Renault,Bathurst,rbathurst21@webs.com,Male,238.215.245.255
75,Henryetta,Grishakov,hgrishakov22@epa.gov,Female,49.128.94.116
76,Jsandye,Pirouet,jpirouet23@fema.gov,Female,167.43.246.19
77,Ronnica,Devitt,rdevitt24@microsoft.com,Female,88.174.206.139
78,Enid,Marmion,emarmion25@friendfeed.com,Genderqueer,90.186.193.75
79,Linus,Henriksson,lhenriksson26@symantec.com,Male,62.85.44.122
80,Cornela,Dundendale,cdundendale27@time.com,Female,29.224.247.146
81,Tris,Sparway,tsparway28@gov.uk,Male,200.46.89.114
82,Tobie,Fearnyhough,tfearnyhough29@loc.gov,Agender,110.12.74.245
83,Worden,Whight,wwhight2a@posterous.com,Male,64.68.181.217
84,Alf,McCraw,amccraw2b@vistaprint.com,Male,112.223.52.122
85,Ramsey,Sherman,rsherman2c@bloglines.com,Male,188.229.86.190
86,Horatia,Brydone,hbrydone2d@github.com,Female,44.187.241.88
87,Berk,Van Arsdall,bvanarsdall2e@cisco.com,Male,28.24.53.11
88,Huey,Ayers,hayers2f@barnesandnoble.com,Male,114.73.36.59
89,Aggy,Saundercock,asaundercock2g@last.fm,Female,65.24.91.234
90,Flore,Dewdney,fdewdney2h@creativecommons.org,Female,36.43.135.30
91,Pedro,Tugwell,ptugwell2i@theglobeandmail.com,Male,176.156.4.20
92,Willy,Kerrane,wkerrane2j@cbsnews.com,Female,169.187.35.55
93,Corty,Rumming,crumming2k@wikispaces.com,Male,177.103.25.190
94,Jeniece,Kingswood,jkingswood2l@phpbb.com,Female,198.162.227.131
95,Kimberley,Doberer,kdoberer2m@youtube.com,Female,177.126.123.17
96,Kele,Harken,kharken2n@google.com.hk,Male,253.52.168.38
97,Rouvin,Baxter,rbaxter2o@instagram.com,Male,126.76.133.240
98,Crosby,Cartin,ccartin2p@irs.gov,Male,135.167.245.229
99,Kimberli,Linsley,klinsley2q@patch.com,Female,204.91.246.42
100,Wallis,Slayton,wslayton2r@seesaa.net,Female,10.241.176.91
101,Tarra,Tithecote,ttithecote2s@ibm.com,Female,87.142.167.49
102,Barnard,Featonby,bfeatonby2t@answers.com,Male,70.213.62.175
103,Nick,Gracewood,ngracewood2u@dion.ne.jp,Male,212.157.87.227
104,Lucky,Brombell,lbrombell2v@nbcnews.com,Female,87.241.240.51
105,Myra,Fishbourne,mfishbourne2w@hud.gov,Female,168.111.95.177
106,Kesley,Dockray,kdockray2x@wikimedia.org,Female,40.145.219.19
107,Stacy,Jardine,sjardine2y@ycombinator.com,Male,141.232.172.17
108,Raven,Reffe,rreffe2z@gov.uk,Female,145.62.223.58
109,Gram,Tarney,gtarney30@sogou.com,Non-binary,163.13.25.139
110,Clotilda,Uccello,cuccello31@addtoany.com,Female,87.227.141.228
111,Dov,Dunphie,ddunphie32@dion.ne.jp,Male,99.231.210.178
112,Fayth,Ragge,fragge33@prlog.org,Female,47.140.228.206
113,Cordell,Aksell,caksell34@behance.net,Male,76.92.158.48
114,Olivia,McElvogue,omcelvogue35@posterous.com,Female,145.22.167.10
115,Daryle,Ventris,dventris36@mapquest.com,Agender,55.149.114.157
116,Florette,Dearing,fdearing37@businesswire.com,Female,227.117.227.171
117,Grove,Eva,geva38@boston.com,Male,117.134.81.252
118,Lorain,Stanaway,lstanaway39@dell.com,Female,77.12.177.83
119,Trude,Brabyn,tbrabyn3a@amazon.de,Female,105.68.86.223
120,Herby,Culleton,hculleton3b@gov.uk,Male,138.105.238.75
121,Haleigh,Abernethy,habernethy3c@wikipedia.org,Agender,124.96.49.128
122,Valentia,Wrathmell,vwrathmell3d@marriott.com,Female,221.194.178.196
123,Jesselyn,Ciciari,jciciari3e@narod.ru,Female,140.249.206.54
124,Valaree,Sollitt,vsollitt3f@wisc.edu,Female,6.21.236.138
125,April,Glewe,aglewe3g@hhs.gov,Female,17.91.251.20
126,Lief,Byass,lbyass3h@dell.com,Male,230.100.187.105
127,Annalise,Christophersen,achristophersen3i@tinyurl.com,Female,228.74.161.24
128,Beverlie,Hamber,bhamber3j@lulu.com,Female,86.27.233.31
129,Reinhold,Tugwell,rtugwell3k@springer.com,Male,38.224.214.144
130,Abby,Deeble,adeeble3l@blogspot.com,Female,176.193.24.95
131,Taddeusz,Perot,tperot3m@java.com,Male,207.178.69.141
132,Billye,Colleck,bcolleck3n@wp.com,Female,28.90.148.244
133,Greer,Denes,gdenes3o@disqus.com,Female,98.66.170.28
134,Gwenny,Chater,gchater3p@symantec.com,Female,243.55.192.211
135,Giustino,Huckerby,ghuckerby3q@vistaprint.com,Agender,164.92.195.16
136,Wayne,Georgeon,wgeorgeon3r@independent.co.uk,Male,173.77.87.249
137,Maighdiln,Puller,mpuller3s@ameblo.jp,Polygender,35.80.199.119
138,Ruben,Batcock,rbatcock3t@photobucket.com,Male,194.10.18.200
139,Creigh,Chazier,cchazier3u@wikia.com,Male,237.29.109.179
140,Dannel,Blackborn,dblackborn3v@buzzfeed.com,Male,247.230.230.153
141,Melantha,Rhydderch,mrhydderch3w@jugem.jp,Female,19.31.118.90
142,Solomon,Lamburne,slamburne3x@ask.com,Male,222.223.18.55
143,Corenda,Caddie,ccaddie3y@bloglovin.com,Female,232.43.42.239
144,Andras,Duckworth,aduckworth3z@newsvine.com,Male,48.234.57.245
145,Amalee,Baldack,abaldack40@flavors.me,Female,218.155.91.15
146,Felecia,Matic,fmatic41@sohu.com,Female,207.249.24.63
147,Gaelan,Keay,gkeay42@smh.com.au,Male,230.166.32.19
148,Doralynn,Jacquemet,djacquemet43@phpbb.com,Female,105.87.177.84
149,Konstantine,Addicott,kaddicott44@topsy.com,Male,119.229.255.75
150,Iain,Tertre,itertre45@reference.com,Non-binary,244.39.46.200
151,Jorrie,Field,jfield46@wikia.com,Female,177.60.125.241
152,Audi,Milthorpe,amilthorpe47@people.com.cn,Female,170.116.150.151
153,Bruce,Blowers,bblowers48@wikispaces.com,Male,99.197.200.87
154,Lonny,Jachimiak,ljachimiak49@google.com.au,Male,186.56.3.109
155,Kamilah,Ormiston,kormiston4a@ft.com,Female,107.217.6.243
156,Tedie,Rennels,trennels4b@phoca.cz,Male,60.156.237.169
157,Emiline,Cottee,ecottee4c@un.org,Female,252.3.11.146
158,Elfrieda,Gardiner,egardiner4d@eepurl.com,Female,40.108.130.82
159,Antonio,Websdale,awebsdale4e@businessweek.com,Male,70.11.78.77
160,Leslie,Panas,lpanas4f@123-reg.co.uk,Male,111.30.155.82
161,Therine,Bunten,tbunten4g@apple.com,Female,233.116.139.124
162,Clemens,Udie,cudie4h@eepurl.com,Male,200.196.45.185
163,Gerardo,Tesimon,gtesimon4i@disqus.com,Male,193.175.42.78
164,Flossie,Funnell,ffunnell4j@washingtonpost.com,Female,62.58.22.179
165,Annabella,Montfort,amontfort4k@creativecommons.org,Female,103.244.72.241
166,Anallise,Fomichkin,afomichkin4l@constantcontact.com,Female,4.195.200.61
167,Ted,De Filippi,tdefilippi4m@bbc.co.uk,Female,158.136.6.124
168,Samuel,Leber,sleber4n@weibo.com,Male,181.182.77.237
169,Evy,Goering,egoering4o@intel.com,Female,204.222.196.96
170,Wendell,Craigmyle,wcraigmyle4p@go.com,Male,243.50.108.243
171,Dalton,Zeal,dzeal4q@toplist.cz,Male,40.172.176.75
172,Blakelee,Bruyett,bbruyett4r@woothemes.com,Female,144.30.69.72
173,Melinde,Chaim,mchaim4s@naver.com,Female,11.100.16.134
174,Lyman,McLennan,lmclennan4t@drupal.org,Male,164.192.197.99
175,Cynthy,Dowsett,cdowsett4u@microsoft.com,Non-binary,227.114.0.167
176,Linette,Roget,lroget4v@canalblog.com,Female,136.184.150.44
177,Netta,Antwis,nantwis4w@npr.org,Female,199.62.23.244
178,Pattin,Hartil,phartil4x@earthlink.net,Bigender,141.239.174.192
179,Lianne,Priddie,lpriddie4y@studiopress.com,Female,250.86.22.65
180,Hebert,Lafflina,hlafflina4z@linkedin.com,Male,141.250.39.199
181,Louella,Tupling,ltupling50@nydailynews.com,Female,145.126.29.179
182,Nanette,Godson,ngodson51@google.it,Polygender,134.177.37.129
183,Diannne,D'Aguanno,ddaguanno52@vistaprint.com,Female,23.144.153.87
184,Yasmeen,Hanse,yhanse53@google.it,Agender,170.166.19.155
185,Bonni,Danes,bdanes54@slashdot.org,Female,10.225.184.71
186,Pascale,MacGragh,pmacgragh55@godaddy.com,Male,199.48.124.150
187,Carmon,Beamont,cbeamont56@creativecommons.org,Female,140.84.22.226
188,Kiley,Dachey,kdachey57@nsw.gov.au,Male,86.214.197.152
189,Ignaz,McPeice,imcpeice58@uol.com.br,Male,225.66.253.162
190,Teresina,Gledhill,tgledhill59@ifeng.com,Female,96.233.27.69
191,Lancelot,Stotherfield,lstotherfield5a@ning.com,Male,160.233.13.84
192,Babbie,Calbreath,bcalbreath5b@istockphoto.com,Female,121.26.197.83
193,Eziechiele,Pietri,epietri5c@wufoo.com,Male,216.128.223.23
194,Hyacinthe,Dessent,hdessent5d@chicagotribune.com,Female,166.40.156.196
195,Cletus,Harbison,charbison5e@taobao.com,Male,253.172.91.8
196,Ardys,MacNeely,amacneely5f@whitehouse.gov,Female,175.21.153.78
197,Gloria,Goodburn,ggoodburn5g@uol.com.br,Female,236.223.231.79
198,Stanislaw,Shaudfurth,sshaudfurth5h@ted.com,Male,233.111.214.57
199,Giusto,Jamblin,gjamblin5i@pen.io,Male,123.118.117.33
200,Todd,Bickell,tbickell5j@forbes.com,Male,225.186.37.200
201,Thelma,Dorrington,tdorrington5k@unesco.org,Female,60.123.68.74
202,Winna,Surcombe,wsurcombe5l@webmd.com,Female,187.46.21.248
203,Fianna,Berrey,fberrey5m@cdbaby.com,Genderfluid,201.137.175.84
204,Ki,Dinning,kdinning5n@scribd.com,Female,109.239.136.134
205,Marje,Lared,mlared5o@4shared.com,Female,188.138.173.131
206,Annabela,Greenman,agreenman5p@salon.com,Female,101.245.240.95
207,Cyrillus,Martignon,cmartignon5q@google.ru,Male,79.21.147.5
208,Gussy,Thandi,gthandi5r@vimeo.com,Female,4.97.229.170
209,Doris,Plumridge,dplumridge5s@bloglines.com,Female,213.23.209.37
210,Orville,Seward,oseward5t@slideshare.net,Male,69.78.59.111
211,Norbert,Paty,npaty5u@about.me,Male,8.20.96.159
212,Karlik,Koubu,kkoubu5v@issuu.com,Genderfluid,59.30.14.48
213,Vittoria,Roostan,vroostan5w@digg.com,Female,104.114.135.109
214,Adela,Chazerand,achazerand5x@qq.com,Female,20.6.244.236
215,Kara-lynn,Riche,kriche5y@google.com,Polygender,136.241.49.16
216,Gunar,Spring,gspring5z@ebay.com,Male,55.165.42.41
217,Layton,Wickham,lwickham60@bbb.org,Male,110.4.142.21
218,Ira,Ottawell,iottawell61@narod.ru,Male,30.126.186.74
219,Clemmie,Shears,cshears62@nyu.edu,Female,179.81.200.127
220,Patricio,Piotrowski,ppiotrowski63@tamu.edu,Male,74.247.18.239
221,Yoko,MacMenamin,ymacmenamin64@trellian.com,Female,94.110.103.151
222,Blaine,Birdwistle,bbirdwistle65@admin.ch,Male,52.231.228.107
223,Romeo,Ledward,rledward66@alexa.com,Male,206.10.231.41
224,Tiler,Ofener,tofener67@wufoo.com,Male,173.110.227.158
225,Davey,Durrett,ddurrett68@latimes.com,Male,105.132.196.213
226,Lida,Bollard,lbollard69@soundcloud.com,Female,208.109.100.242
227,Daron,O'Gorman,dogorman6a@baidu.com,Female,224.135.17.145
228,Meryl,Corkhill,mcorkhill6b@independent.co.uk,Genderqueer,75.168.100.252
229,Caril,Turbern,cturbern6c@usgs.gov,Female,194.186.201.92
230,Willey,Cayton,wcayton6d@microsoft.com,Male,121.220.174.16
231,Nancey,Knoles,nknoles6e@dropbox.com,Female,221.227.56.223
232,Quincey,McBrearty,qmcbrearty6f@amazon.com,Male,218.201.167.219
233,Lanie,Koles,lkoles6g@bbc.co.uk,Male,85.154.135.222
234,Beryl,Giacoboni,bgiacoboni6h@java.com,Female,179.89.213.224
235,Olivier,Feragh,oferagh6i@whitehouse.gov,Male,107.41.100.251
236,Verne,Chaldecott,vchaldecott6j@washington.edu,Male,2.198.150.60
237,Marietta,Vasyukhichev,mvasyukhichev6k@oakley.com,Female,102.62.6.47
238,Sven,Smallpiece,ssmallpiece6l@cafepress.com,Male,111.10.38.216
239,Cord,MacKibbon,cmackibbon6m@mail.ru,Agender,104.11.11.244
240,Reba,Cunde,rcunde6n@slideshare.net,Female,144.46.183.31
241,Carin,Ibarra,cibarra6o@goo.gl,Female,111.128.99.226
242,Mata,Weatherley,mweatherley6p@hostgator.com,Male,10.176.147.222
243,Mickie,Bellard,mbellard6q@wix.com,Male,43.68.144.180
244,Kipp,Vassar,kvassar6r@nydailynews.com,Male,48.194.18.214
245,Leupold,Rounce,lrounce6s@wikipedia.org,Male,34.65.15.232
246,Mort,Barneville,mbarneville6t@toplist.cz,Male,121.247.45.103
247,Nat,Walicki,nwalicki6u@theguardian.com,Male,186.193.151.156
248,Harv,Pollok,hpollok6v@sohu.com,Male,160.223.188.147
249,Avram,Beckhurst,abeckhurst6w@shutterfly.com,Male,79.224.178.141
250,Barbara-anne,Sendley,bsendley6x@taobao.com,Female,58.230.205.188
251,Wait,Trengove,wtrengove6y@vinaora.com,Male,237.12.147.183
252,Jodi,Edscer,jedscer6z@discuz.net,Male,58.99.139.176
253,Xymenes,Whittlesee,xwhittlesee70@unesco.org,Male,109.104.50.59
254,Bonnie,Caldicot,bcaldicot71@symantec.com,Female,246.202.192.132
255,Pebrook,Kuscha,pkuscha72@wiley.com,Male,119.126.149.106
256,Alick,Hayhow,ahayhow73@whitehouse.gov,Male,56.127.223.211
257,Marysa,Creavin,mcreavin74@slate.com,Female,252.164.47.73
258,Frankie,Farenden,ffarenden75@hhs.gov,Female,20.5.204.177
259,Bel,Willbraham,bwillbraham76@mit.edu,Female,109.104.95.40
260,Gherardo,Dews,gdews77@oracle.com,Male,129.43.166.67
261,Lucia,Sivyer,lsivyer78@sitemeter.com,Female,106.203.36.102
262,Wenona,Caban,wcaban79@amazon.co.jp,Polygender,118.114.62.182
263,Wang,Valentim,wvalentim7a@mozilla.org,Male,38.113.167.218
264,Frederik,Cathenod,fcathenod7b@weather.com,Genderqueer,89.68.128.181
265,Hugibert,Brittlebank,hbrittlebank7c@latimes.com,Male,65.4.237.213
266,Keeley,Powis,kpowis7d@nbcnews.com,Female,145.181.16.252
267,Kippie,Alman,kalman7e@boston.com,Female,35.0.125.193
268,Glyn,Stenhouse,gstenhouse7f@zimbio.com,Female,154.212.206.47
269,Flynn,Juza,fjuza7g@cloudflare.com,Male,189.243.17.36
270,Kathe,Falls,kfalls7h@51.la,Female,215.25.102.109
271,Jami,Petford,jpetford7i@merriam-webster.com,Female,181.42.119.227
272,Duky,Lamblin,dlamblin7j@yellowpages.com,Agender,214.222.139.71
273,Brigid,Goold,bgoold7k@engadget.com,Female,69.178.38.14
274,Adore,Alcock,aalcock7l@hc360.com,Female,180.183.169.213
275,Donica,De Simone,ddesimone7m@cisco.com,Female,184.82.142.222
276,Case,Rhymer,crhymer7n@deliciousdays.com,Male,129.61.54.29
277,Alard,De Beauchamp,adebeauchamp7o@google.es,Male,29.135.158.9
278,Hayley,Girkin,hgirkin7p@chicagotribune.com,Female,118.30.144.165
279,Emmaline,Dunkerly,edunkerly7q@icio.us,Female,80.201.83.245
280,Filberte,Fayne,ffayne7r@intel.com,Male,72.207.191.103
281,Julietta,Dymocke,jdymocke7s@istockphoto.com,Agender,147.8.98.32
282,Mitch,Foxon,mfoxon7t@exblog.jp,Agender,151.225.153.84
283,Sayres,End,send7u@fastcompany.com,Male,142.136.0.221
284,Marillin,Perotti,mperotti7v@yellowbook.com,Female,47.49.59.211
285,Vinny,Jessop,vjessop7w@bandcamp.com,Male,220.159.119.19
286,Edmon,Thurbon,ethurbon7x@woothemes.com,Male,25.219.197.163
287,Feliza,Grellier,fgrellier7y@aboutads.info,Female,32.175.251.181
288,Tome,Predohl,tpredohl7z@foxnews.com,Male,205.62.67.212
289,Lynnet,Jannequin,ljannequin80@merriam-webster.com,Female,194.241.173.232
290,Dennet,Eadmeades,deadmeades81@mozilla.org,Male,255.198.136.155
291,Jessalyn,Ruffey,jruffey82@hexun.com,Female,62.69.178.90
292,Marlin,Tumbridge,mtumbridge83@earthlink.net,Male,137.116.44.63
293,Addison,Kloska,akloska84@360.cn,Male,148.125.234.237
294,Olly,Costell,ocostell85@ftc.gov,Non-binary,211.132.115.188
295,Symon,MacAndie,smacandie86@ucoz.ru,Male,139.178.195.206
296,Lukas,Gallegos,lgallegos87@apache.org,Male,188.46.179.133
297,Anatole,Veltman,aveltman88@vinaora.com,Male,6.205.101.212
298,Sanford,Colling,scolling89@zimbio.com,Male,125.237.4.97
299,Dave,Sowman,dsowman8a@walmart.com,Genderqueer,226.234.180.174
300,Ludwig,Babington,lbabington8b@mac.com,Male,156.48.54.130
301,Morie,Folomin,mfolomin8c@guardian.co.uk,Male,20.6.244.49
302,Cara,McGillicuddy,cmcgillicuddy8d@eventbrite.com,Female,36.232.202.49
303,Sallyann,Kahan,skahan8e@columbia.edu,Female,60.15.71.224
304,Benita,Kohlerman,bkohlerman8f@ucoz.ru,Female,182.141.218.77
305,Denys,Foad,dfoad8g@samsung.com,Polygender,211.66.46.189
306,Van,McVicker,vmcvicker8h@apple.com,Non-binary,64.27.255.145
307,See,MacPhee,smacphee8i@hao123.com,Male,35.151.31.98
308,Roscoe,Talkington,rtalkington8j@nymag.com,Male,76.68.122.61
309,Torrey,Gaul,tgaul8k@mediafire.com,Male,151.240.140.125
310,Anita,Kunath,akunath8l@sun.com,Female,99.239.247.145
311,Jodie,Copland,jcopland8m@cbc.ca,Male,142.195.136.52
312,Francoise,Kubista,fkubista8n@reference.com,Female,235.140.33.75
313,Loralee,Mordey,lmordey8o@ustream.tv,Female,2.214.66.128
314,Rollin,Turtle,rturtle8p@usgs.gov,Male,183.43.251.122
315,Hashim,Beiderbecke,hbeiderbecke8q@icq.com,Male,208.102.64.102
316,Kimbra,Baskwell,kbaskwell8r@goo.gl,Female,243.79.147.113
317,Normand,Tranter,ntranter8s@epa.gov,Male,55.215.103.238
318,Crosby,Fairall,cfairall8t@alexa.com,Male,193.129.126.32
319,Vinni,De Witt,vdewitt8u@wsj.com,Genderfluid,151.82.189.156
320,Filippa,Ash,fash8v@amazon.com,Genderqueer,239.50.101.135
321,Ferrel,Rudledge,frudledge8w@yale.edu,Male,202.178.210.56
322,Bianka,Selkirk,bselkirk8x@ustream.tv,Female,169.17.84.0
323,Farley,Skae,fskae8y@mediafire.com,Male,135.42.98.153
324,Hakim,Halsall,hhalsall8z@acquirethisname.com,Male,91.178.190.113
325,Marguerite,Bencher,mbencher90@umn.edu,Female,85.56.86.120
326,Maddi,Linzey,mlinzey91@shareasale.com,Female,135.150.217.69
327,Gabi,Merrill,gmerrill92@marketwatch.com,Male,215.92.220.194
328,Elva,Boow,eboow93@reverbnation.com,Female,151.139.254.237
329,Janith,Lackie,jlackie94@abc.net.au,Female,236.159.126.12
330,Parsifal,Chang,pchang95@opensource.org,Male,46.223.96.98
331,Verine,Ruggen,vruggen96@storify.com,Female,5.56.164.188
332,Reade,Pengelley,rpengelley97@sfgate.com,Male,22.225.57.185
333,Janel,Riceards,jriceards98@fc2.com,Female,221.63.23.135
334,Eudora,Whapples,ewhapples99@digg.com,Female,127.47.74.196
335,Parrnell,Boot,pboot9a@mashable.com,Genderfluid,71.109.112.228
336,Therese,Chellam,tchellam9b@furl.net,Female,10.135.220.63
337,Andy,Badsworth,abadsworth9c@japanpost.jp,Female,181.214.25.90
338,Emera,Arnauduc,earnauduc9d@oakley.com,Female,247.232.204.163
339,Stefanie,Diboll,sdiboll9e@amazonaws.com,Agender,67.148.201.235
340,Justinn,Wintringham,jwintringham9f@wordpress.com,Female,230.254.222.215
341,Shelley,Van Halle,svanhalle9g@tinypic.com,Male,54.105.198.70
342,Garey,Licciardello,glicciardello9h@dyndns.org,Male,195.145.80.210
343,Janos,Singleton,jsingleton9i@gravatar.com,Male,72.58.9.130
344,Hyacinth,Insoll,hinsoll9j@mediafire.com,Non-binary,161.124.41.227
345,Fran,Bazelle,fbazelle9k@google.it,Male,100.157.71.46
346,Leeland,Blindmann,lblindmann9l@yale.edu,Male,162.31.123.98
347,Alwyn,Karlsson,akarlsson9m@europa.eu,Bigender,220.239.198.78
348,Hersh,Paye,hpaye9n@newsvine.com,Male,200.89.75.116
349,Jyoti,Danell,jdanell9o@hugedomains.com,Female,228.58.5.60
350,Mela,Stogill,mstogill9p@dot.gov,Female,181.227.45.103
351,Jo ann,Raleston,jraleston9q@auda.org.au,Female,67.224.110.14
352,Barbara-anne,Lumb,blumb9r@nba.com,Female,226.55.123.2
353,Kurtis,Hodge,khodge9s@toplist.cz,Male,181.80.20.21
354,Bondy,Sivior,bsivior9t@sfgate.com,Male,246.138.132.98
355,Xerxes,De Lascy,xdelascy9u@samsung.com,Male,169.23.238.119
356,Camala,Unitt,cunitt9v@sina.com.cn,Genderqueer,2.73.23.70
357,Trueman,Ceney,tceney9w@live.com,Male,167.14.203.79
358,Christoper,Tortoise,ctortoise9x@twitter.com,Male,143.148.53.204
359,Ebonee,Shovelton,eshovelton9y@usgs.gov,Female,120.241.172.22
360,Carlota,Spere,cspere9z@pinterest.com,Female,74.153.153.2
361,Penny,Jarrel,pjarrela0@creativecommons.org,Male,172.231.235.115
362,Harriot,Iscowitz,hiscowitza1@arstechnica.com,Female,169.230.187.190
363,Simone,Delamar,sdelamara2@illinois.edu,Female,122.133.40.162
364,Nikola,Blacklock,nblacklocka3@ca.gov,Genderqueer,56.210.162.66
365,Woodie,Ragg,wragga4@businesswire.com,Male,166.209.219.114
366,Janet,Heinecke,jheineckea5@utexas.edu,Female,110.128.124.115
367,Bunny,Pulhoster,bpulhostera6@auda.org.au,Female,136.219.142.67
368,Magda,Boshard,mbosharda7@purevolume.com,Female,164.14.251.28
369,Sindee,Sumshon,ssumshona8@google.com,Genderfluid,163.192.77.99
370,Kassandra,Sherborne,ksherbornea9@cornell.edu,Female,116.195.255.144
371,Gale,Madgewick,gmadgewickaa@lulu.com,Female,195.169.41.237
372,Jacinthe,Ivanyukov,jivanyukovab@stumbleupon.com,Female,200.189.133.32
373,Nevile,Josselson,njosselsonac@omniture.com,Male,191.217.73.89
374,Garrett,Papis,gpapisad@photobucket.com,Male,251.32.14.206
375,Dru,Prime,dprimeae@army.mil,Male,55.174.221.102
376,Truman,Stichel,tstichelaf@flickr.com,Male,254.238.6.91
377,Sergio,Chaloner,schalonerag@cbslocal.com,Male,5.93.94.173
378,Alon,Bertouloume,abertouloumeah@toplist.cz,Male,138.104.204.192
379,Eleanore,Raspin,eraspinai@constantcontact.com,Female,165.241.226.93
380,Dallas,Appleyard,dappleyardaj@jugem.jp,Female,68.107.148.1
381,Raf,Karpf,rkarpfak@bbc.co.uk,Female,95.161.101.207
382,Chick,Reyson,creysonal@geocities.jp,Male,208.122.111.74
383,Brose,Kinnerley,bkinnerleyam@house.gov,Male,50.247.107.195
384,Mira,Heggie,mheggiean@bizjournals.com,Female,70.47.136.95
385,Say,Geerits,sgeeritsao@blogtalkradio.com,Male,222.235.129.25
386,Vernor,Lavarack,vlavarackap@wired.com,Agender,230.36.28.144
387,Nicky,Veale,nvealeaq@wikispaces.com,Female,165.23.102.186
388,Dusty,Curteis,dcurteisar@1688.com,Female,32.179.192.117
389,Bruce,Thomsson,bthomssonas@blogger.com,Male,55.39.135.16
390,Kimbell,Mapes,kmapesat@berkeley.edu,Male,194.218.124.40
391,Guss,St. Paul,gstpaulau@blogger.com,Male,145.2.203.165
392,Gan,MacKellar,gmackellarav@tmall.com,Male,105.238.190.162
393,Riannon,Knipe,rknipeaw@reddit.com,Female,142.187.143.116
394,Georgeanna,McPaik,gmcpaikax@godaddy.com,Female,20.178.126.214
395,Pattie,O'Hagerty,pohagertyay@odnoklassniki.ru,Male,6.138.205.120
396,Enoch,Pioch,epiochaz@prnewswire.com,Male,82.228.144.40
397,Magdalene,Last,mlastb0@tinypic.com,Female,15.18.220.80
398,Ferrel,Spennock,fspennockb1@hubpages.com,Male,121.119.65.111
399,Ramsay,Megroff,rmegroffb2@constantcontact.com,Male,46.67.52.80
400,Susana,O' Quirk,soquirkb3@etsy.com,Female,243.243.113.82
401,Othelia,Cantillon,ocantillonb4@vistaprint.com,Polygender,156.124.38.230
402,Carree,Salthouse,csalthouseb5@mtv.com,Female,198.142.100.179
403,Hildagarde,Boughen,hboughenb6@cmu.edu,Female,237.69.253.18
404,Harry,Hadlee,hhadleeb7@cbc.ca,Male,75.143.20.108
405,Minette,Bowle,mbowleb8@naver.com,Female,48.107.186.54
406,Marcelia,Lomis,mlomisb9@plala.or.jp,Agender,176.0.137.207
407,Gregor,Barde,gbardeba@youku.com,Male,163.30.30.223
408,Erhard,Feary,efearybb@google.it,Male,125.239.105.208
409,Annabell,Osorio,aosoriobc@ustream.tv,Female,10.161.208.165
410,Aland,Vern,avernbd@oaic.gov.au,Male,97.3.20.147
411,Latisha,Lyosik,llyosikbe@ebay.co.uk,Female,213.9.157.96
412,Leroy,Swindells,lswindellsbf@sciencedirect.com,Male,109.217.133.83
413,Joyan,Hellmer,jhellmerbg@xing.com,Female,185.223.88.124
414,Starlene,Gasticke,sgastickebh@cbc.ca,Female,84.193.91.92
415,Maria,Blackler,mblacklerbi@wix.com,Female,235.69.226.25
416,Virginia,Gemnett,vgemnettbj@etsy.com,Polygender,167.167.19.59
417,Alexandros,Zimmerman,azimmermanbk@businesswire.com,Male,204.73.125.226
418,Ingra,Martinet,imartinetbl@who.int,Male,175.159.250.211
419,Romonda,O'Kielt,rokieltbm@liveinternet.ru,Female,99.41.183.161
420,Charles,Ruffler,crufflerbn@umn.edu,Male,53.198.225.154
421,Aguie,Griniov,agriniovbo@freewebs.com,Male,203.82.206.89
422,Devlin,Ibbett,dibbettbp@shop-pro.jp,Male,99.205.46.85
423,Jillie,Grocock,jgrocockbq@theatlantic.com,Female,211.43.80.65
424,Thia,Philpault,tphilpaultbr@gravatar.com,Polygender,211.34.57.71
425,Julianna,Gideon,jgideonbs@nhs.uk,Female,237.49.52.81
426,Reggie,Falkingham,rfalkinghambt@adobe.com,Female,30.88.27.35
427,Ferdinanda,Fehner,ffehnerbu@hud.gov,Agender,162.28.247.226
428,Cortney,Jewar,cjewarbv@spotify.com,Female,129.240.117.215
429,Brinn,Rembaud,brembaudbw@reuters.com,Female,197.212.235.54
430,Lavinie,Feakins,lfeakinsbx@mozilla.com,Female,157.60.255.33
431,Scotti,Gregorowicz,sgregorowiczby@ox.ac.uk,Male,208.182.104.73
432,Jerrold,Riccione,jriccionebz@icq.com,Male,252.62.230.47
433,Freemon,Tebbit,ftebbitc0@npr.org,Male,214.84.193.163
434,Shelley,Motion,smotionc1@mit.edu,Female,69.154.233.239
435,Heindrick,Frankland,hfranklandc2@bravesites.com,Agender,223.148.10.33
436,Janela,Cowles,jcowlesc3@myspace.com,Female,222.111.77.31
437,Nanci,Heading,nheadingc4@ebay.com,Female,253.236.186.114
438,Mayor,Readhead,mreadheadc5@jimdo.com,Male,223.38.21.224
439,Emalia,Grigolli,egrigollic6@tmall.com,Female,239.177.50.75
440,Minne,Gormley,mgormleyc7@abc.net.au,Female,22.85.64.63
441,Jacquenetta,Baumer,jbaumerc8@phpbb.com,Female,123.200.147.106
442,Gerome,Gozzett,ggozzettc9@123-reg.co.uk,Male,26.40.161.39
443,Sophronia,Paggitt,spaggittca@posterous.com,Female,153.22.245.67
444,Illa,Heasman,iheasmancb@stanford.edu,Female,159.2.29.198
445,Antons,Pethrick,apethrickcc@tripod.com,Male,182.131.219.240
446,Justino,Caltun,jcaltuncd@weather.com,Male,211.70.12.225
447,Alfy,Judkin,ajudkince@smugmug.com,Male,206.58.168.248
448,Sile,Boards,sboardscf@google.ru,Female,29.76.141.4
449,Zola,Dibdin,zdibdincg@newsvine.com,Female,17.246.62.107
450,Olivero,Mellem,omellemch@wisc.edu,Male,175.49.196.167
451,Griffy,Sydney,gsydneyci@eventbrite.com,Male,120.108.32.252
452,Daffi,Middler,dmiddlercj@exblog.jp,Female,114.222.164.79
453,Zorana,Osgodby,zosgodbyck@geocities.jp,Female,114.140.60.192
454,Rikki,Gauthorpp,rgauthorppcl@yale.edu,Female,54.195.73.150
455,Libby,Purbrick,lpurbrickcm@businesswire.com,Female,83.103.104.26
456,Flora,Crowley,fcrowleycn@yellowbook.com,Female,111.79.114.253
457,Ken,Packington,kpackingtonco@xrea.com,Male,67.53.105.255
458,Langsdon,Lempenny,llempennycp@t-online.de,Male,102.19.188.151
459,Rog,Mendes,rmendescq@ocn.ne.jp,Male,10.145.201.240
460,Mathian,Dorot,mdorotcr@tuttocitta.it,Male,86.190.133.212
461,Rebekah,Pedrol,rpedrolcs@ow.ly,Female,54.112.148.52
462,Shamus,Grigson,sgrigsonct@unc.edu,Male,104.148.58.184
463,Korrie,Noquet,knoquetcu@unc.edu,Female,10.172.111.240
464,Hendrik,Balffye,hbalffyecv@sina.com.cn,Male,159.225.40.166
465,Fidelia,Enticknap,fenticknapcw@tumblr.com,Female,50.212.23.216
466,Thorny,Donavan,tdonavancx@europa.eu,Male,182.122.67.162
467,Verne,Bushe,vbushecy@who.int,Polygender,99.24.157.5
468,Michal,Enston,menstoncz@wired.com,Male,105.115.75.173
469,Gerald,Ailward,gailwardd0@boston.com,Male,247.178.24.212
470,Chantalle,Lindenblatt,clindenblattd1@tripadvisor.com,Female,247.70.200.82
471,Koenraad,Kettridge,kkettridged2@ocn.ne.jp,Male,114.68.80.127
472,Travus,Docherty,tdochertyd3@macromedia.com,Male,66.26.221.5
473,Merl,Dahlbom,mdahlbomd4@vinaora.com,Female,146.137.113.110
474,Herbie,Siburn,hsiburnd5@wikia.com,Male,196.176.78.8
475,Pacorro,Kalisch,pkalischd6@baidu.com,Male,156.232.202.218
476,Floria,Staresmeare,fstaresmeared7@prnewswire.com,Female,247.146.202.210
477,Kent,McArt,kmcartd8@etsy.com,Male,216.242.102.147
478,Miles,Goundry,mgoundryd9@yandex.ru,Male,2.158.139.9
479,Mathe,Hewkin,mhewkinda@ihg.com,Male,233.217.18.55
480,Cosme,Keach,ckeachdb@cargocollective.com,Male,126.44.96.2
481,Darrin,Roubert,droubertdc@google.ru,Male,254.167.222.103
482,Sheree,Whitney,swhitneydd@mapy.cz,Female,24.53.164.162
483,Ondrea,Rawling,orawlingde@i2i.jp,Female,50.156.68.243
484,Fax,Yabsley,fyabsleydf@patch.com,Non-binary,222.189.221.244
485,Celinda,Abells,cabellsdg@earthlink.net,Female,226.24.18.40
486,Klarrisa,Cowper,kcowperdh@spiegel.de,Female,2.100.174.214
487,Arne,Izzat,aizzatdi@istockphoto.com,Male,174.173.36.189
488,Virgie,Hearst,vhearstdj@clickbank.net,Male,115.189.70.62
489,Giana,Bulfield,gbulfielddk@google.co.jp,Female,2.194.128.117
490,Dixie,Monketon,dmonketondl@liveinternet.ru,Female,82.233.58.6
491,Cyndie,Beadnell,cbeadnelldm@skyrock.com,Female,206.52.18.255
492,Clayborne,Blachford,cblachforddn@ted.com,Male,242.87.109.84
493,Osmond,Sexti,osextido@admin.ch,Male,129.216.214.255
494,Dex,Scotting,dscottingdp@flavors.me,Male,145.214.158.240
495,Thoma,Oliveto,tolivetodq@ehow.com,Male,84.107.65.179
496,Jenica,Mossman,jmossmandr@bandcamp.com,Female,34.33.24.170
497,Mignonne,Kleinmann,mkleinmannds@ezinearticles.com,Female,101.254.227.98
498,Dalia,Doag,ddoagdt@bbc.co.uk,Female,224.78.41.128
499,Suellen,Rann,sranndu@taobao.com,Female,99.92.148.23
500,Jephthah,Deboy,jdeboydv@ebay.com,Male,201.127.201.175
501,Elbertina,Cholonin,echolonindw@engadget.com,Genderqueer,129.169.94.35
502,Danya,Robilliard,drobilliarddx@statcounter.com,Male,129.199.211.89
503,Benny,Noraway,bnorawaydy@bigcartel.com,Male,231.191.93.244
504,Ileane,Bennis,ibennisdz@desdev.cn,Female,50.49.58.22
505,Gerladina,Olesen,golesene0@noaa.gov,Female,201.217.87.235
506,Catina,Faircliffe,cfaircliffee1@bloglines.com,Female,229.98.102.206
507,Alfie,Glenwright,aglenwrighte2@hatena.ne.jp,Male,224.72.148.121
508,Marge,Petel,mpetele3@blogspot.com,Female,92.238.59.140
509,Ainslee,Quig,aquige4@latimes.com,Female,77.59.233.51
510,Kiel,McGrory,kmcgrorye5@va.gov,Male,202.48.14.240
511,Prue,Enderson,pendersone6@w3.org,Polygender,17.18.151.95
512,Hugh,Freckingham,hfreckinghame7@nps.gov,Male,110.253.22.38
513,Zed,Sudran,zsudrane8@reddit.com,Male,164.131.233.220
514,Kiel,Claypool,kclaypoole9@baidu.com,Bigender,181.207.103.214
515,Lyn,Snooks,lsnooksea@washington.edu,Female,180.255.64.112
516,Culley,Puleque,cpulequeeb@accuweather.com,Male,162.3.200.245
517,Leonardo,Demchen,ldemchenec@homestead.com,Male,247.90.225.102
518,Maribel,Rosentholer,mrosentholered@whitehouse.gov,Female,124.47.77.16
519,Nealy,Imeson,nimesonee@va.gov,Male,35.146.212.192
520,Forester,Haugg,fhauggef@biblegateway.com,Male,13.227.31.182
521,Jo ann,Normavill,jnormavilleg@multiply.com,Female,211.234.10.181
522,Augy,Eades,aeadeseh@upenn.edu,Male,116.216.242.35
523,Emmey,Ostridge,eostridgeei@elpais.com,Female,220.241.226.186
524,Myrilla,Ivakin,mivakinej@ca.gov,Female,122.158.22.68
525,Montgomery,Brimilcombe,mbrimilcombeek@51.la,Male,85.37.22.171
526,Marv,Pressdee,mpressdeeel@globo.com,Male,213.14.41.255
527,Leann,Fitzroy,lfitzroyem@sitemeter.com,Female,42.30.168.229
528,Vivian,Blackmoor,vblackmooren@latimes.com,Female,73.92.240.142
529,Blakelee,Kennewell,bkennewelleo@nifty.com,Female,140.63.40.236
530,Webster,Fell,wfellep@msn.com,Male,102.139.248.46
531,Hebert,Knowller,hknowllereq@state.tx.us,Male,137.228.207.23
532,Oates,Frankton,ofranktoner@jalbum.net,Male,178.149.103.72
533,Renault,Rosenstengel,rrosenstengeles@illinois.edu,Male,63.129.60.188
534,Derek,Neame,dneameet@intel.com,Male,164.75.133.9
535,Lola,Jailler,ljaillereu@furl.net,Female,109.137.65.138
536,Rolph,Delwater,rdelwaterev@youku.com,Male,142.83.124.10
537,Jorrie,Wingrove,jwingroveew@msu.edu,Female,59.30.155.45
538,Kliment,Revett,krevettex@altervista.org,Genderqueer,111.76.247.84
539,Claudius,Gillean,cgilleaney@gmpg.org,Male,0.211.81.109
540,Andros,Gearing,agearingez@nps.gov,Agender,155.242.143.119
541,Isobel,Prinett,iprinettf0@timesonline.co.uk,Female,156.161.241.63
542,Huey,Dilworth,hdilworthf1@issuu.com,Male,198.206.12.85
543,Amelita,Mattock,amattockf2@cargocollective.com,Female,13.46.117.37
544,Florina,McVicker,fmcvickerf3@yellowbook.com,Female,200.164.247.19
545,Randa,Kobierski,rkobierskif4@delicious.com,Female,226.130.207.239
546,Modesta,Lobbe,mlobbef5@eepurl.com,Female,49.234.185.16
547,Mirabella,Wittke,mwittkef6@t.co,Female,190.112.151.239
548,Martin,Shearn,mshearnf7@weather.com,Male,146.171.99.193
549,Gilligan,Vondrak,gvondrakf8@angelfire.com,Female,79.136.186.202
550,Marten,Webermann,mwebermannf9@unblog.fr,Male,128.254.184.188
551,Alayne,McKissack,amckissackfa@discuz.net,Female,236.241.167.8
552,Aleksandr,Sprulls,asprullsfb@ocn.ne.jp,Male,144.214.239.123
553,Gui,Hasnney,ghasnneyfc@virginia.edu,Female,139.0.68.137
554,Welsh,Claricoats,wclaricoatsfd@cnn.com,Male,73.42.139.2
555,Deny,Lowerson,dlowersonfe@amazon.co.uk,Female,162.141.153.42
556,Stanley,Dargie,sdargieff@surveymonkey.com,Non-binary,232.62.144.221
557,Broderick,Kliemann,bkliemannfg@pagesperso-orange.fr,Male,237.214.10.75
558,Georgeta,Vondrys,gvondrysfh@dell.com,Female,91.168.40.169
559,Hale,Parncutt,hparncuttfi@epa.gov,Male,10.202.89.69
560,Iago,Navarijo,inavarijofj@columbia.edu,Male,209.42.80.28
561,Bobbee,Turland,bturlandfk@fema.gov,Polygender,118.221.212.149
562,Alissa,Manger,amangerfl@harvard.edu,Female,76.67.58.118
563,Patrice,Finkle,pfinklefm@dailymail.co.uk,Bigender,175.208.19.99
564,Arielle,Thow,athowfn@i2i.jp,Female,50.191.185.113
565,Sheffy,Pinel,spinelfo@hatena.ne.jp,Male,112.5.16.89
566,Walton,Towne,wtownefp@mozilla.org,Male,132.22.188.42
567,Corliss,Pigot,cpigotfq@reference.com,Female,147.99.146.75
568,Stanley,Tremmil,stremmilfr@gnu.org,Male,70.194.19.220
569,Goddart,Harlowe,gharlowefs@sun.com,Male,223.191.253.219
570,Dewitt,Southworth,dsouthworthft@yahoo.co.jp,Male,124.238.180.221
571,Pauli,Yakobowitch,pyakobowitchfu@delicious.com,Genderqueer,118.99.154.117
572,Susie,Sommersett,ssommersettfv@wiley.com,Female,103.218.156.187
573,Yoko,Mattis,ymattisfw@toplist.cz,Female,160.162.91.8
574,Torrance,Boarer,tboarerfx@kickstarter.com,Male,84.24.145.240
575,Hill,Witherop,hwitheropfy@europa.eu,Male,62.75.88.155
576,Hermon,Wilcox,hwilcoxfz@netvibes.com,Male,21.18.222.119
577,Muire,Salla,msallag0@sciencedirect.com,Female,130.34.202.74
578,Freeman,Taffie,ftaffieg1@netvibes.com,Male,90.67.178.185
579,Roland,Chaudret,rchaudretg2@list-manage.com,Male,160.129.5.100
580,Ron,Dummett,rdummettg3@ustream.tv,Male,44.110.31.138
581,Terence,Sturt,tsturtg4@cnn.com,Male,100.175.163.182
582,Anet,Trevena,atrevenag5@tinyurl.com,Female,111.214.14.211
583,Ganny,Tranckle,gtranckleg6@linkedin.com,Bigender,132.161.85.166
584,Vinson,Ayre,vayreg7@alexa.com,Male,190.64.239.208
585,Lillian,Gofton,lgoftong8@ustream.tv,Female,81.198.215.188
586,Gloriana,Gerrels,ggerrelsg9@squarespace.com,Female,5.51.197.162
587,Yolande,Bernlin,ybernlinga@statcounter.com,Female,158.147.8.66
588,Nessi,Dudson,ndudsongb@opera.com,Female,24.230.7.79
589,Aarika,Hubble,ahubblegc@edublogs.org,Female,52.63.204.78
590,Kayle,Ivachyov,kivachyovgd@google.com.br,Female,29.250.14.239
591,Zebadiah,Usmar,zusmarge@domainmarket.com,Genderqueer,148.117.211.163
592,Crosby,Dron,cdrongf@github.io,Male,127.122.138.135
593,Maynard,Manuele,mmanuelegg@ameblo.jp,Male,43.226.16.231
594,Alla,Gommowe,agommowegh@domainmarket.com,Polygender,245.50.219.177
595,Kippie,Ellcock,kellcockgi@omniture.com,Male,127.139.110.163
596,Gannon,Southard,gsouthardgj@eventbrite.com,Male,105.178.20.79
597,Joachim,Glabach,jglabachgk@twitpic.com,Male,193.40.89.28
598,Fanny,Copperwaite,fcopperwaitegl@cnbc.com,Female,133.221.204.222
599,Rowen,Gumby,rgumbygm@edublogs.org,Male,41.154.202.106
600,Vernon,Guy,vguygn@stanford.edu,Male,126.129.127.114
601,Reiko,Glidder,rgliddergo@slideshare.net,Female,150.150.189.103
602,Daniel,Brindle,dbrindlegp@ftc.gov,Male,45.103.65.19
603,Frederick,Zanini,fzaninigq@artisteer.com,Male,251.76.4.7
604,Shir,Eagell,seagellgr@prweb.com,Female,94.68.121.90
605,Munroe,Hethron,mhethrongs@senate.gov,Male,117.115.183.54
606,Harley,Leverage,hleveragegt@springer.com,Male,159.4.163.37
607,Elena,Canizares,ecanizaresgu@fda.gov,Female,7.211.117.96
608,Harv,Bassano,hbassanogv@chronoengine.com,Male,179.177.5.239
609,Vernon,Fishburn,vfishburngw@pcworld.com,Male,38.199.49.183
610,Templeton,Cockcroft,tcockcroftgx@istockphoto.com,Non-binary,114.69.41.214
611,Jermain,Dullingham,jdullinghamgy@elpais.com,Male,129.201.18.19
612,Dehlia,Fullick,dfullickgz@irs.gov,Female,52.139.249.136
613,Reta,Keeler,rkeelerh0@t.co,Female,0.86.156.158
614,Brion,Grombridge,bgrombridgeh1@constantcontact.com,Male,88.213.188.178
615,Erie,Hakonsen,ehakonsenh2@mashable.com,Agender,82.75.89.184
616,Dion,Malinowski,dmalinowskih3@over-blog.com,Female,114.232.96.151
617,Ingemar,Jakeman,ijakemanh4@1688.com,Male,216.224.127.200
618,Dotti,Shorter,dshorterh5@meetup.com,Female,197.67.113.191
619,Napoleon,Redan,nredanh6@istockphoto.com,Male,14.224.42.229
620,Gratiana,Celier,gcelierh7@netvibes.com,Female,218.30.149.73
621,Henryetta,Ciccoloi,hciccoloih8@pbs.org,Female,12.2.250.60
622,Bruce,Gayle,bgayleh9@baidu.com,Genderfluid,156.214.117.0
623,Klaus,Flux,kfluxha@opera.com,Male,36.185.136.123
624,Bendite,Blaze,bblazehb@about.me,Female,78.167.62.51
625,Jermaine,Osinin,josininhc@weebly.com,Male,47.245.186.156
626,Archer,Dowley,adowleyhd@yahoo.com,Male,113.141.178.107
627,Colby,Cork,ccorkhe@constantcontact.com,Male,76.86.118.146
628,Mil,Savin,msavinhf@japanpost.jp,Female,75.153.35.98
629,Taddeo,Bleier,tbleierhg@mac.com,Male,99.18.248.117
630,Vick,Carstairs,vcarstairshh@booking.com,Male,207.33.179.143
631,Tobye,Bradock,tbradockhi@state.tx.us,Female,107.172.246.205
632,Rosanne,Tankin,rtankinhj@mashable.com,Female,107.56.239.138
633,Drucy,McPartling,dmcpartlinghk@naver.com,Female,151.69.2.145
634,Flory,Pitcaithly,fpitcaithlyhl@marriott.com,Male,83.112.37.68
635,Addy,Lebrun,alebrunhm@surveymonkey.com,Male,214.22.127.225
636,Skylar,Bortolussi,sbortolussihn@blog.com,Agender,93.50.167.207
637,Jaclyn,Cottier,jcottierho@uol.com.br,Female,152.135.242.144
638,Burton,Lenglet,blenglethp@washington.edu,Male,29.167.219.170
639,Amelie,Styche,astychehq@sfgate.com,Female,192.115.160.228
640,Liana,Maunder,lmaunderhr@spotify.com,Female,0.23.66.253
641,Maggi,Upstone,mupstonehs@hugedomains.com,Female,74.19.12.170
642,Wilbur,Ratley,wratleyht@xinhuanet.com,Male,122.26.29.186
643,Eduardo,Tomasian,etomasianhu@jiathis.com,Male,251.145.201.183
644,Euell,Dalliwatr,edalliwatrhv@google.cn,Male,241.119.13.201
645,Annette,Ife,aifehw@tinyurl.com,Agender,150.117.4.247
646,Meryl,Asmus,masmushx@acquirethisname.com,Female,23.253.74.120
647,Padriac,Franklin,pfranklinhy@mozilla.org,Male,110.156.181.220
648,Hildy,Skewes,hskeweshz@t.co,Female,200.78.135.137
649,Trace,Camous,tcamousi0@vkontakte.ru,Male,129.167.107.47
650,Smitty,Brinkley,sbrinkleyi1@ycombinator.com,Male,137.239.246.93
651,Roldan,Earie,reariei2@simplemachines.org,Agender,153.72.214.48
652,Christiano,Hamflett,chamfletti3@goo.ne.jp,Male,233.159.147.75
653,Leland,Kleinhandler,lkleinhandleri4@reuters.com,Male,96.104.192.183
654,Curt,Gartery,cgarteryi5@php.net,Male,168.127.109.190
655,Darbee,Oldacre,doldacrei6@stumbleupon.com,Male,235.157.143.234
656,Carl,Jursch,cjurschi7@nytimes.com,Male,222.105.171.111
657,Demott,Zylbermann,dzylbermanni8@chron.com,Male,87.255.222.17
658,Kerstin,Goulborne,kgoulbornei9@gravatar.com,Female,255.16.121.205
659,Aileen,Bannon,abannonia@google.co.jp,Female,50.2.73.68
660,Alon,Dougary,adougaryib@boston.com,Male,29.138.53.13
661,Jereme,Brass,jbrassic@theguardian.com,Male,90.144.106.61
662,Janela,Hildred,jhildredid@microsoft.com,Female,39.245.13.151
663,Ki,Mariolle,kmariolleie@nydailynews.com,Female,182.120.176.154
664,Aaren,Yo,ayoif@merriam-webster.com,Female,111.29.3.205
665,Reinwald,Kalker,rkalkerig@clickbank.net,Male,178.101.119.139
666,Loren,Maynell,lmaynellih@wufoo.com,Male,156.220.109.131
667,Marthena,Vedishchev,mvedishchevii@indiegogo.com,Female,112.18.121.120
668,Caitrin,Klimowicz,cklimowiczij@360.cn,Bigender,180.157.122.110
669,Craggie,Corten,ccortenik@wordpress.org,Male,117.62.159.187
670,Lynnea,Atwool,latwoolil@webnode.com,Non-binary,244.97.212.163
671,Hedda,Wardel,hwardelim@bravesites.com,Female,84.75.72.143
672,Avictor,Callender,acallenderin@homestead.com,Male,184.34.63.220
673,Niel,Ullyatt,nullyattio@unesco.org,Male,162.148.11.49
674,Lettie,Blance,lblanceip@engadget.com,Female,166.157.209.52
675,Vidovik,Posthill,vposthilliq@angelfire.com,Bigender,125.182.135.178
676,Sissy,Iannitti,siannittiir@parallels.com,Polygender,230.199.224.129
677,Rozalin,Holleworth,rholleworthis@oakley.com,Genderfluid,194.32.35.49
678,Charlotta,Ezzy,cezzyit@intel.com,Agender,243.17.87.228
679,Immanuel,Kibbe,ikibbeiu@netlog.com,Male,238.251.248.88
680,Tally,Silly,tsillyiv@redcross.org,Male,249.107.49.204
681,Jerrilyn,Bearsmore,jbearsmoreiw@rediff.com,Female,61.59.178.23
682,Cathee,Arnopp,carnoppix@timesonline.co.uk,Female,14.159.117.2
683,Jessamyn,Ritmeyer,jritmeyeriy@hugedomains.com,Female,83.50.36.72
684,Vladimir,Caudell,vcaudelliz@hhs.gov,Male,198.56.75.0
685,Jessalin,Tamas,jtamasj0@epa.gov,Female,203.122.231.43
686,Elvin,Depka,edepkaj1@delicious.com,Male,42.10.111.61
687,Lothaire,Izon,lizonj2@t.co,Male,93.3.137.92
688,Eric,Ducker,educkerj3@unesco.org,Male,174.157.171.61
689,Lucais,Housaman,lhousamanj4@europa.eu,Male,243.152.37.187
690,Mommy,Wildgoose,mwildgoosej5@rakuten.co.jp,Female,18.251.22.192
691,Sauncho,Cotta,scottaj6@dagondesign.com,Male,122.184.48.251
692,Port,Davidov,pdavidovj7@epa.gov,Male,240.134.50.85
693,Trevor,Botley,tbotleyj8@xrea.com,Male,191.41.147.54
694,Hazel,Upwood,hupwoodj9@ovh.net,Female,98.246.152.7
695,Kenton,Grzes,kgrzesja@imdb.com,Male,180.115.120.164
696,Bary,Bomfield,bbomfieldjb@ebay.com,Male,164.186.8.193
697,Dore,Jendrys,djendrysjc@go.com,Genderfluid,75.174.240.58
698,Gerianne,Trammel,gtrammeljd@youtu.be,Female,132.91.164.226
699,Lurlene,Flewin,lflewinje@mayoclinic.com,Female,215.113.80.175
700,Ferdy,Ballance,fballancejf@slate.com,Male,58.191.69.220
701,Nikolos,Bench,nbenchjg@ifeng.com,Male,152.6.232.95
702,Etty,Lillford,elillfordjh@goodreads.com,Female,200.219.215.185
703,Kakalina,Mannin,kmanninji@123-reg.co.uk,Female,212.194.22.75
704,Ruby,Borrett,rborrettjj@wsj.com,Female,42.198.1.250
705,Dorella,Dominicacci,ddominicaccijk@purevolume.com,Female,253.86.141.217
706,Karissa,Hurich,khurichjl@boston.com,Female,118.232.106.43
707,Gertie,Toulamain,gtoulamainjm@latimes.com,Female,102.77.188.140
708,Daniel,Roeby,droebyjn@shinystat.com,Male,152.19.53.63
709,Eddy,Shakeshaft,eshakeshaftjo@illinois.edu,Male,184.22.56.206
710,Jodie,Phelit,jphelitjp@t-online.de,Female,39.75.101.169
711,Dale,Renad,drenadjq@artisteer.com,Male,243.56.198.173
712,Barbette,Stawell,bstawelljr@ucla.edu,Female,240.107.90.7
713,Raychel,Wasbrough,rwasbroughjs@slashdot.org,Female,36.65.93.67
714,Maryjane,Saffe,msaffejt@php.net,Female,155.65.186.100
715,Marabel,Koeppke,mkoeppkeju@cnet.com,Genderfluid,105.52.253.234
716,Hollis,King,hkingjv@independent.co.uk,Male,216.129.161.33
717,Madelle,Blackney,mblackneyjw@symantec.com,Polygender,102.107.70.148
718,Hilda,Pusill,hpusilljx@qq.com,Female,209.26.32.156
719,Danny,Decreuze,ddecreuzejy@4shared.com,Male,182.189.231.171
720,Gwenore,Dormon,gdormonjz@furl.net,Female,100.102.113.71
721,Ki,Aristide,karistidek0@tmall.com,Female,68.152.92.9
722,Jacquelin,Wellen,jwellenk1@paypal.com,Bigender,41.135.67.119
723,Elita,Caville,ecavillek2@ted.com,Female,114.234.113.228
724,Hewie,Fike,hfikek3@nbcnews.com,Male,37.183.121.196
725,Marybelle,Defond,mdefondk4@elpais.com,Female,95.166.132.99
726,Corina,Rimes,crimesk5@foxnews.com,Female,72.237.86.208
727,Karlen,Hallawell,khallawellk6@sphinn.com,Non-binary,207.240.131.23
728,Anderson,Cuzen,acuzenk7@gov.uk,Male,226.191.90.66
729,Samson,Copson,scopsonk8@accuweather.com,Male,31.199.208.183
730,Carmita,Marchent,cmarchentk9@ask.com,Female,112.219.136.224
731,Caitlin,Chomiszewski,cchomiszewskika@cdbaby.com,Female,36.111.165.219
732,Rozele,Longmead,rlongmeadkb@canalblog.com,Female,189.90.229.232
733,Korella,Petrescu,kpetrescukc@oaic.gov.au,Female,175.124.194.98
734,Starr,O'Rodane,sorodanekd@ft.com,Female,235.23.5.198
735,Blinny,Bofield,bbofieldke@geocities.com,Female,180.244.254.227
736,Laurie,Gemnett,lgemnettkf@disqus.com,Male,202.68.95.206
737,Martguerita,Cordsen,mcordsenkg@cargocollective.com,Female,143.77.209.183
738,Klarrisa,Pinckney,kpinckneykh@nbcnews.com,Female,13.188.138.72
739,Dody,Hellwig,dhellwigki@altervista.org,Female,56.61.213.148
740,Alie,Gadney,agadneykj@washington.edu,Female,212.34.233.111
741,Annette,Gaunter,agaunterkk@bloglovin.com,Female,187.245.149.63
742,Alecia,Tubble,atubblekl@aol.com,Female,188.143.11.195
743,Natal,Theurer,ntheurerkm@sakura.ne.jp,Male,125.246.244.14
744,Geri,Salvador,gsalvadorkn@discuz.net,Male,111.53.195.235
745,Kurt,Ruggen,kruggenko@scientificamerican.com,Male,162.172.72.80
746,Mariana,Dimock,mdimockkp@microsoft.com,Female,79.201.58.96
747,Bernadina,Fley,bfleykq@i2i.jp,Female,194.9.240.40
748,Florina,Stenett,fstenettkr@si.edu,Female,160.175.178.16
749,Alena,Billington,abillingtonks@amazon.de,Female,218.244.3.59
750,Marysa,Wolters,mwolterskt@booking.com,Female,153.36.199.253
751,Ofella,Adshead,oadsheadku@biblegateway.com,Female,74.96.115.100
752,Tandie,Ourtic,tourtickv@ted.com,Female,95.149.1.111
753,Aurea,Izat,aizatkw@cdbaby.com,Female,92.89.26.124
754,Giorgio,Dawbury,gdawburykx@indiatimes.com,Male,230.74.187.166
755,Marlon,Sprowson,msprowsonky@wordpress.org,Male,187.117.177.51
756,Noble,Mac,nmackz@disqus.com,Male,67.175.28.37
757,Rubina,Crummy,rcrummyl0@mozilla.org,Female,149.149.131.188
758,Hugo,Haselden,hhaseldenl1@sitemeter.com,Male,164.196.189.59
759,Wolf,Benzi,wbenzil2@oaic.gov.au,Male,49.170.143.1
760,Reilly,Spaice,rspaicel3@topsy.com,Male,137.26.254.171
761,Heda,Branwhite,hbranwhitel4@w3.org,Polygender,210.166.144.99
762,Hilary,Vaugham,hvaughaml5@bbb.org,Male,29.147.243.199
763,Mead,Butland,mbutlandl6@cam.ac.uk,Male,16.103.167.172
764,Joella,Dillinton,jdillintonl7@soundcloud.com,Female,94.253.186.130
765,Johnathon,Sumers,jsumersl8@histats.com,Genderfluid,106.228.72.223
766,Riley,Niblett,rniblettl9@nytimes.com,Male,29.29.167.251
767,Granthem,De Antoni,gdeantonila@soup.io,Male,92.136.1.210
768,Willetta,Hedworth,whedworthlb@slate.com,Female,231.222.143.22
769,Aurlie,Pilipets,apilipetslc@joomla.org,Female,198.255.188.191
770,Jasmine,Grute,jgruteld@wikimedia.org,Female,169.20.250.77
771,Lola,Ardron,lardronle@networkadvertising.org,Female,51.86.230.87
772,Debor,Haburne,dhaburnelf@salon.com,Female,33.197.55.235
773,Armin,Gummow,agummowlg@digg.com,Male,205.229.97.60
774,Tabby,Janic,tjaniclh@loc.gov,Female,90.40.84.136
775,Curtice,Johansen,cjohansenli@nytimes.com,Male,52.109.121.104
776,Weston,Cushe,wcushelj@wsj.com,Male,232.255.149.183
777,Traci,Seamen,tseamenlk@nymag.com,Female,243.183.24.12
778,Rafaelia,Dryburgh,rdryburghll@newyorker.com,Female,157.19.228.247
779,Electra,Riteley,eriteleylm@g.co,Female,209.86.20.206
780,Karney,Driscoll,kdriscollln@php.net,Male,98.199.77.156
781,Jillian,Pavlovic,jpavloviclo@plala.or.jp,Female,7.226.209.167
782,Angel,Maasze,amaaszelp@salon.com,Male,196.113.99.160
783,Kendal,Corless,kcorlesslq@cmu.edu,Male,215.51.189.237
784,Cullan,Ragdale,cragdalelr@army.mil,Male,3.120.64.163
785,Elston,Billes,ebillesls@photobucket.com,Male,50.251.246.60
786,Yulma,Haughton,yhaughtonlt@blogs.com,Male,61.31.145.0
787,Maegan,Gillard,mgillardlu@bbc.co.uk,Female,224.255.241.191
788,Timofei,Discombe,tdiscombelv@imgur.com,Male,213.15.201.135
789,Devonne,Vasyunichev,dvasyunichevlw@china.com.cn,Female,231.51.98.138
790,Kin,O'Lennachain,kolennachainlx@istockphoto.com,Male,75.53.123.191
791,Augie,Van,avanly@freewebs.com,Male,75.223.43.1
792,Sly,Fellgett,sfellgettlz@hubpages.com,Male,90.162.193.110
793,Karrah,Rhodef,krhodefm0@ask.com,Female,36.53.72.63
794,Kellen,Hartright,khartrightm1@mit.edu,Male,205.157.24.30
795,Aleta,Brimblecomb,abrimblecombm2@ask.com,Female,48.67.15.206
796,Merell,Kinzett,mkinzettm3@comsenz.com,Male,100.190.87.171
797,Gretta,Obray,gobraym4@bloglines.com,Female,54.241.153.199
798,Langsdon,Dugdale,ldugdalem5@ycombinator.com,Polygender,40.86.161.153
799,Kennith,Rennison,krennisonm6@hao123.com,Male,54.191.191.243
800,Germaine,Tristram,gtristramm7@list-manage.com,Female,242.242.37.75
801,Marcos,Brookes,mbrookesm8@skype.com,Male,127.182.157.13
802,Tedi,Petrasso,tpetrassom9@squidoo.com,Female,59.156.148.249
803,Jarrod,Catley,jcatleyma@photobucket.com,Male,155.117.53.22
804,Rickie,Rosingdall,rrosingdallmb@wiley.com,Male,26.37.113.93
805,Lilllie,Fredson,lfredsonmc@elpais.com,Female,239.250.0.99
806,Gerome,Raecroft,graecroftmd@1und1.de,Male,237.62.62.182
807,Zeb,Garter,zgarterme@sphinn.com,Male,76.197.164.89
808,Korrie,Romanet,kromanetmf@domainmarket.com,Agender,79.204.244.154
809,Izaak,Elnough,ielnoughmg@amazonaws.com,Male,144.90.239.74
810,Drake,Vardy,dvardymh@simplemachines.org,Male,231.105.249.100
811,Gino,Monahan,gmonahanmi@techcrunch.com,Male,89.80.3.26
812,Sharlene,Dies,sdiesmj@amazon.com,Female,117.214.164.86
813,Cully,Loughrey,cloughreymk@imageshack.us,Male,73.209.95.173
814,Tabina,Cran,tcranml@ucoz.com,Genderqueer,130.186.194.252
815,Chrysler,Salt,csaltmm@freewebs.com,Bigender,16.139.206.147
816,Idelle,Boucher,ibouchermn@163.com,Female,160.86.210.195
817,Lemmie,Goodship,lgoodshipmo@linkedin.com,Male,45.57.128.23
818,Marlyn,Linnock,mlinnockmp@com.com,Female,107.237.12.76
819,Geralda,Piche,gpichemq@baidu.com,Female,53.37.33.246
820,Cassondra,Milksop,cmilksopmr@dedecms.com,Female,55.48.237.103
821,Petrina,Schoffler,pschofflerms@house.gov,Female,72.109.122.123
822,Burnard,Rowet,browetmt@icq.com,Male,4.12.115.44
823,Janeva,McCosh,jmccoshmu@rediff.com,Female,31.77.128.68
824,Tamra,Freckleton,tfreckletonmv@amazon.de,Female,61.158.152.4
825,Vergil,Alldread,valldreadmw@telegraph.co.uk,Male,109.37.189.37
826,Isis,Charles,icharlesmx@ted.com,Female,138.216.29.181
827,Roosevelt,Grelik,rgrelikmy@indiatimes.com,Male,65.87.95.111
828,Man,Haughan,mhaughanmz@xing.com,Male,46.8.227.169
829,Estella,Jellicorse,ejellicorsen0@timesonline.co.uk,Female,162.228.32.230
830,Goddart,Dominik,gdominikn1@blogs.com,Male,126.216.136.57
831,Randi,Cota,rcotan2@globo.com,Male,130.91.191.146
832,Teddie,de Aguirre,tdeaguirren3@diigo.com,Female,198.7.17.6
833,Georas,Bevan,gbevann4@cbc.ca,Male,180.215.31.47
834,Modesta,Shiel,mshieln5@vkontakte.ru,Female,138.87.100.135
835,Ebba,Sharples,esharplesn6@msn.com,Female,55.71.229.66
836,Isaak,Scandrett,iscandrettn7@ucoz.ru,Non-binary,28.84.186.137
837,Franklyn,Dumbarton,fdumbartonn8@examiner.com,Male,67.47.134.6
838,Andree,Gelletly,agelletlyn9@netlog.com,Female,20.11.153.186
839,Julian,O'Haire,johairena@statcounter.com,Male,177.228.149.2
840,Aeriela,Braben,abrabennb@sbwire.com,Female,40.151.28.5
841,Abeu,Whimp,awhimpnc@privacy.gov.au,Male,250.254.80.195
842,Tadio,Ioselev,tioselevnd@columbia.edu,Male,176.232.163.71
843,Caleb,Dawbury,cdawburyne@google.de,Male,28.58.7.225
844,Farica,Jeune,fjeunenf@arstechnica.com,Female,150.230.60.71
845,Zebadiah,Dirand,zdirandng@usa.gov,Male,122.120.35.15
846,Marlo,Hryncewicz,mhryncewicznh@csmonitor.com,Male,84.96.33.124
847,Marjie,Darree,mdarreeni@umn.edu,Female,1.87.66.66
848,Yul,Dorn,ydornnj@newsvine.com,Male,170.161.244.161
849,Karine,Anand,kanandnk@google.com.au,Female,152.186.42.13
850,Roxie,Stileman,rstilemannl@zdnet.com,Female,161.234.108.60
851,Worthy,Torritti,wtorrittinm@bigcartel.com,Male,176.26.85.185
852,Enoch,Seamen,eseamennn@indiegogo.com,Male,103.76.60.226
853,Casar,Sent,csentno@fda.gov,Male,92.9.117.107
854,Rayner,Kelleway,rkellewaynp@purevolume.com,Polygender,41.153.196.82
855,Dix,Paike,dpaikenq@patch.com,Female,124.67.57.145
856,Salvatore,Horley,shorleynr@addthis.com,Male,198.145.158.155
857,Darryl,Franz-Schoninger,dfranzschoningerns@whitehouse.gov,Female,1.39.94.243
858,Sherwood,Hammill,shammillnt@blogger.com,Male,95.89.124.252
859,Johna,Romi,jrominu@reddit.com,Female,38.251.216.5
860,Alberto,Cuckoo,acuckoonv@mail.ru,Male,25.128.222.155
861,Elias,Summerton,esummertonnw@canalblog.com,Non-binary,244.1.238.1
862,Berri,Ritmeier,britmeiernx@scientificamerican.com,Genderfluid,95.52.150.229
863,Cyndie,Makin,cmakinny@nature.com,Female,254.41.31.170
864,Benjamen,Manus,bmanusnz@go.com,Non-binary,212.150.122.188
865,Konrad,Jewett,kjewetto0@nymag.com,Male,73.254.234.135
866,Vasili,MacCaghan,vmaccaghano1@uol.com.br,Male,52.119.92.209
867,Mitzi,Chate,mchateo2@nhs.uk,Genderqueer,103.26.42.20
868,Tawsha,Grassick,tgrassicko3@feedburner.com,Female,173.117.40.222
869,Haven,Childrens,hchildrenso4@qq.com,Male,40.130.14.61
870,Karna,Gregore,kgregoreo5@netlog.com,Female,141.203.156.197
871,Mimi,Giamelli,mgiamellio6@utexas.edu,Female,164.220.44.195
872,Edna,Rowthorne,erowthorneo7@ocn.ne.jp,Female,104.99.105.85
873,Massimo,Robb,mrobbo8@youku.com,Male,235.123.27.169
874,Rudolf,Rickwood,rrickwoodo9@gravatar.com,Male,171.154.14.230
875,Bianka,Milmo,bmilmooa@google.de,Female,224.135.4.65
876,Renaud,Partleton,rpartletonob@a8.net,Male,235.87.247.47
877,Dasha,Hamsley,dhamsleyoc@miibeian.gov.cn,Bigender,213.151.167.145
878,Gery,Scone,gsconeod@mayoclinic.com,Male,233.75.14.73
879,Constantine,Meininger,cmeiningeroe@bluehost.com,Female,231.199.85.131
880,Solomon,O'Scollain,soscollainof@tripod.com,Male,82.181.55.179
881,Dasie,Tirrell,dtirrellog@marriott.com,Female,203.11.72.49
882,Rhianna,Maunder,rmaunderoh@yale.edu,Female,62.54.129.154
883,Trev,Bohan,tbohanoi@jiathis.com,Male,57.140.191.252
884,Nickie,Batrick,nbatrickoj@meetup.com,Male,79.126.8.197
885,Rosetta,Mahedy,rmahedyok@hexun.com,Non-binary,96.9.164.86
886,Jereme,Klouz,jklouzol@simplemachines.org,Male,75.45.137.48
887,Malva,Hallows,mhallowsom@jalbum.net,Female,206.62.67.242
888,Sergio,Jeaycock,sjeaycockon@hostgator.com,Bigender,7.219.18.16
889,Viva,Dearl,vdearloo@prweb.com,Female,139.16.54.132
890,Odella,Halligan,ohalliganop@nih.gov,Female,240.36.222.47
891,Evyn,Bowcock,ebowcockoq@t.co,Male,88.13.237.199
892,Jude,Grouse,jgrouseor@ycombinator.com,Male,62.127.223.107
893,Salem,Guymer,sguymeros@ca.gov,Male,168.204.217.226
894,Ty,Gilbertson,tgilbertsonot@clickbank.net,Male,112.197.178.161
895,Hodge,Suggey,hsuggeyou@theatlantic.com,Male,224.59.39.164
896,Irina,Crumley,icrumleyov@naver.com,Female,14.56.233.202
897,Wylma,Bleakman,wbleakmanow@columbia.edu,Non-binary,163.41.178.154
898,Glori,Collingham,gcollinghamox@nymag.com,Genderqueer,27.128.18.67
899,Clevey,Brien,cbrienoy@free.fr,Male,188.0.27.42
900,Franky,Stilliard,fstilliardoz@rakuten.co.jp,Female,242.118.66.97
901,Herculie,Gutch,hgutchp0@deviantart.com,Male,151.88.116.60
902,Sylvan,Church,schurchp1@unesco.org,Male,139.221.230.255
903,Micheil,Brenstuhl,mbrenstuhlp2@va.gov,Male,86.187.28.34
904,Sibeal,Burkitt,sburkittp3@hubpages.com,Genderqueer,197.252.35.147
905,Abey,Kitteringham,akitteringhamp4@sciencedaily.com,Male,218.8.164.49
906,Devlin,Martel,dmartelp5@google.es,Male,47.250.157.234
907,Sebastian,Calcut,scalcutp6@cmu.edu,Male,89.67.166.23
908,Saleem,Becerra,sbecerrap7@fastcompany.com,Male,228.147.79.225
909,Stephanus,Oxley,soxleyp8@adobe.com,Male,12.48.47.204
910,Norry,Nutkin,nnutkinp9@alexa.com,Female,246.19.154.218
911,Tobie,Blesing,tblesingpa@npr.org,Male,197.169.229.67
912,Ursuline,Tellenbach,utellenbachpb@i2i.jp,Female,202.48.152.61
913,Craggy,Christophe,cchristophepc@storify.com,Non-binary,177.138.140.63
914,Ronda,Daye,rdayepd@joomla.org,Female,19.185.122.12
915,Douglas,Whelband,dwhelbandpe@qq.com,Male,178.119.105.156
916,Clementine,Parrington,cparringtonpf@hugedomains.com,Female,196.153.67.4
917,Gibbie,Rimmer,grimmerpg@latimes.com,Male,150.211.121.58
918,Lucina,Suston,lsustonph@princeton.edu,Female,1.216.41.137
919,Amos,Vickarman,avickarmanpi@auda.org.au,Male,18.141.130.100
920,Korella,Hindge,khindgepj@fotki.com,Female,125.135.229.105
921,Augustus,Hentzeler,ahentzelerpk@com.com,Male,223.26.61.93
922,Sergeant,Duprey,sdupreypl@typepad.com,Male,25.239.238.41
923,Elisa,Ferry,eferrypm@google.co.uk,Female,87.19.145.134
924,Guillemette,Runciman,gruncimanpn@state.gov,Polygender,35.97.188.8
925,Julieta,Godber,jgodberpo@arstechnica.com,Female,178.6.182.72
926,Leonid,Ochiltree,lochiltreepp@amazon.com,Male,69.66.186.92
927,Roxie,Sergison,rsergisonpq@noaa.gov,Female,228.45.48.218
928,Karlie,Leechman,kleechmanpr@google.nl,Non-binary,12.58.101.34
929,Daryn,Cheese,dcheeseps@omniture.com,Female,226.212.91.232
930,Christiane,Titlow,ctitlowpt@irs.gov,Genderqueer,141.191.103.131
931,Elwyn,Rattry,erattrypu@psu.edu,Male,89.173.216.90
932,Stacey,Erie,seriepv@livejournal.com,Polygender,186.60.141.165
933,Christean,Hourstan,chourstanpw@java.com,Female,252.80.34.237
934,Theobald,Marples,tmarplespx@marketwatch.com,Male,43.59.149.23
935,Annabell,Moughtin,amoughtinpy@fotki.com,Female,46.83.160.238
936,Margarete,Coker,mcokerpz@bloomberg.com,Female,141.253.223.63
937,Travers,Hurworth,thurworthq0@gravatar.com,Male,48.177.196.215
938,Sharai,Dungate,sdungateq1@blog.com,Female,105.77.157.231
939,Calhoun,Doles,cdolesq2@alexa.com,Male,28.78.231.148
940,Ruddie,Trouel,rtrouelq3@xing.com,Male,60.227.91.76
941,Devonna,Cardenas,dcardenasq4@hostgator.com,Female,189.116.171.156
942,Westley,Tanby,wtanbyq5@theglobeandmail.com,Male,199.9.43.34
943,Viviana,Russell,vrussellq6@about.me,Female,8.125.95.162
944,Inglis,Foster-Smith,ifostersmithq7@imageshack.us,Male,96.71.47.181
945,Thedrick,Bunhill,tbunhillq8@altervista.org,Polygender,136.45.139.6
946,Patrica,Hallihane,phallihaneq9@ehow.com,Female,252.165.134.197
947,Charles,Eglington,ceglingtonqa@utexas.edu,Male,61.10.198.195
948,Kyle,Musgrove,kmusgroveqb@over-blog.com,Male,52.253.4.169
949,Carver,Jerrolt,cjerroltqc@ameblo.jp,Male,109.215.214.91
950,Ody,Torrese,otorreseqd@themeforest.net,Male,200.240.126.214
951,Annora,Stovin,astovinqe@usa.gov,Female,194.97.114.176
952,Albert,Hume,ahumeqf@scientificamerican.com,Male,84.13.121.109
953,Rory,Waadenburg,rwaadenburgqg@ezinearticles.com,Male,155.149.241.244
954,Desdemona,Marquet,dmarquetqh@51.la,Female,123.192.9.15
955,Selena,Syplus,ssyplusqi@shop-pro.jp,Non-binary,192.73.100.69
956,Agnesse,Sainter,asainterqj@domainmarket.com,Female,177.62.128.233
957,Ingunna,Kacheler,ikachelerqk@baidu.com,Female,136.127.37.43
958,Edsel,Williamson,ewilliamsonql@adobe.com,Male,176.109.237.60
959,Ethelind,Reeds,ereedsqm@vkontakte.ru,Female,101.103.238.124
960,Thurstan,Grise,tgriseqn@soup.io,Male,76.118.9.57
961,Hart,Fleay,hfleayqo@princeton.edu,Male,247.161.89.83
962,Lilith,Rawle,lrawleqp@cafepress.com,Female,181.203.66.205
963,Joellyn,Braffington,jbraffingtonqq@nasa.gov,Female,239.230.245.32
964,Burg,Harpin,bharpinqr@ezinearticles.com,Genderfluid,231.208.101.252
965,Tybalt,Mallon,tmallonqs@ucla.edu,Male,150.62.12.173
966,Dion,MacMorland,dmacmorlandqt@boston.com,Female,61.62.186.173
967,Kimberli,Gilardi,kgilardiqu@webeden.co.uk,Agender,28.93.90.149
968,Terese,Khomishin,tkhomishinqv@marriott.com,Female,123.132.221.252
969,Jennette,McEttigen,jmcettigenqw@admin.ch,Female,8.165.30.171
970,Marcie,Bleakley,mbleakleyqx@google.ru,Female,95.175.158.67
971,Monica,Aronowicz,maronowiczqy@miitbeian.gov.cn,Female,139.130.216.30
972,Kipp,Speaks,kspeaksqz@msn.com,Male,52.206.114.227
973,Normand,Pinkney,npinkneyr0@walmart.com,Male,37.19.95.51
974,Alfonse,Antowski,aantowskir1@senate.gov,Male,150.69.62.135
975,Maridel,Dorkins,mdorkinsr2@so-net.ne.jp,Female,85.71.106.207
976,Marlin,Peckitt,mpeckittr3@princeton.edu,Male,66.10.99.187
977,Millie,McKnish,mmcknishr4@bandcamp.com,Female,12.179.72.238
978,Jojo,Jurries,jjurriesr5@exblog.jp,Female,194.131.13.180
979,Bartlet,Blaszkiewicz,bblaszkiewiczr6@sitemeter.com,Male,119.7.97.10
980,Abran,Draisey,adraiseyr7@nsw.gov.au,Male,76.74.103.250
981,Madelene,Anster,mansterr8@shop-pro.jp,Female,119.245.203.212
982,Ellynn,Novik,enovikr9@yahoo.com,Female,121.95.3.191
983,Fredi,Bunworth,fbunworthra@sun.com,Female,47.224.30.165
984,Ardra,Luter,aluterrb@pinterest.com,Female,11.61.51.244
985,Garwood,Startin,gstartinrc@discuz.net,Male,10.143.15.66
986,Mathew,Pinshon,mpinshonrd@dell.com,Male,94.88.210.46
987,Nelie,Mazzei,nmazzeire@bravesites.com,Female,205.209.76.192
988,Babette,Tutsell,btutsellrf@businesswire.com,Female,5.233.37.39
989,Tedd,Lamb-shine,tlambshinerg@bloglines.com,Polygender,74.105.252.8
990,Hussein,Gotcliffe,hgotclifferh@indiatimes.com,Male,145.199.238.53
991,Jamal,Cettell,jcettellri@noaa.gov,Male,146.9.245.173
992,Devlin,Ghio,dghiorj@imdb.com,Male,68.217.117.203
993,Sephira,Nassey,snasseyrk@people.com.cn,Female,128.229.13.125
994,Berne,Walak,bwalakrl@un.org,Male,18.100.1.105
995,Israel,Parrett,iparrettrm@over-blog.com,Male,10.206.234.6
996,Shirl,Dell,sdellrn@unc.edu,Female,151.227.167.95
997,Barton,Cherry,bcherryro@eventbrite.com,Male,154.70.103.173
998,Pearline,Ciraldo,pciraldorp@amazon.co.jp,Female,153.126.194.238
999,Alene,May,amayrq@simplemachines.org,Female,5.0.30.108
1000,Cherin,Pepperrall,cpepperrallrr@1und1.de,Female,194.30.171.234
